Shift_Instance_Key,Date,Unit_ID,Shift_ID,Patient_Count,Admissions_Count,Discharges_Transfers_Count,Average_Acuity_Score,Patient_Days
2026-01-01_U_ICU_S12_DAY,2026-01-01,U_ICU,S12_DAY,12,2,0,4.23,6.0
2026-01-01_U_ICU_S12_NIGHT,2026-01-01,U_ICU,S12_NIGHT,14,1,1,3.86,7.0
2026-01-01_U_INT_S08_DAY,2026-01-01,U_INT,S08_DAY,44,9,7,1.88,14.667
2026-01-01_U_INT_S08_EVE,2026-01-01,U_INT,S08_EVE,40,6,5,1.99,13.333
2026-01-01_U_INT_S08_NIGHT,2026-01-01,U_INT,S08_NIGHT,40,6,5,2.1,13.333
2026-01-02_U_ICU_S12_DAY,2026-01-02,U_ICU,S12_DAY,11,3,1,4.56,5.5
2026-01-02_U_ICU_S12_NIGHT,2026-01-02,U_ICU,S12_NIGHT,11,2,2,4.61,5.5
2026-01-02_U_INT_S08_DAY,2026-01-02,U_INT,S08_DAY,31,1,5,2.01,10.333
2026-01-02_U_INT_S08_EVE,2026-01-02,U_INT,S08_EVE,42,5,3,1.9,14.0
2026-01-02_U_INT_S08_NIGHT,2026-01-02,U_INT,S08_NIGHT,36,7,3,2.24,12.0
2026-01-03_U_ICU_S12_DAY,2026-01-03,U_ICU,S12_DAY,12,3,2,3.45,6.0
2026-01-03_U_ICU_S12_NIGHT,2026-01-03,U_ICU,S12_NIGHT,14,1,0,4.11,7.0
2026-01-03_U_INT_S08_DAY,2026-01-03,U_INT,S08_DAY,36,3,7,2.16,12.0
2026-01-03_U_INT_S08_EVE,2026-01-03,U_INT,S08_EVE,46,5,2,2.43,15.333
2026-01-03_U_INT_S08_NIGHT,2026-01-03,U_INT,S08_NIGHT,39,4,1,2.66,13.0
2026-01-04_U_ICU_S12_DAY,2026-01-04,U_ICU,S12_DAY,12,1,2,4.56,6.0
2026-01-04_U_ICU_S12_NIGHT,2026-01-04,U_ICU,S12_NIGHT,17,2,2,3.63,8.5
2026-01-04_U_INT_S08_DAY,2026-01-04,U_INT,S08_DAY,39,4,8,2.31,13.0
2026-01-04_U_INT_S08_EVE,2026-01-04,U_INT,S08_EVE,41,5,8,2.33,13.667
2026-01-04_U_INT_S08_NIGHT,2026-01-04,U_INT,S08_NIGHT,42,0,5,2.28,14.0
2026-01-05_U_ICU_S12_DAY,2026-01-05,U_ICU,S12_DAY,11,3,4,3.61,5.5
2026-01-05_U_ICU_S12_NIGHT,2026-01-05,U_ICU,S12_NIGHT,14,0,3,4.64,7.0
2026-01-05_U_INT_S08_DAY,2026-01-05,U_INT,S08_DAY,33,1,3,2.12,11.0
2026-01-05_U_INT_S08_EVE,2026-01-05,U_INT,S08_EVE,42,5,5,2.29,14.0
2026-01-05_U_INT_S08_NIGHT,2026-01-05,U_INT,S08_NIGHT,43,6,3,1.92,14.333
2026-01-06_U_ICU_S12_DAY,2026-01-06,U_ICU,S12_DAY,14,0,0,4.32,7.0
2026-01-06_U_ICU_S12_NIGHT,2026-01-06,U_ICU,S12_NIGHT,15,3,1,4.16,7.5
2026-01-06_U_INT_S08_DAY,2026-01-06,U_INT,S08_DAY,36,6,1,2.36,12.0
2026-01-06_U_INT_S08_EVE,2026-01-06,U_INT,S08_EVE,36,4,2,2.62,12.0
2026-01-06_U_INT_S08_NIGHT,2026-01-06,U_INT,S08_NIGHT,41,8,2,2.03,13.667
2026-01-07_U_ICU_S12_DAY,2026-01-07,U_ICU,S12_DAY,14,0,4,3.76,7.0
2026-01-07_U_ICU_S12_NIGHT,2026-01-07,U_ICU,S12_NIGHT,13,1,1,4.61,6.5
2026-01-07_U_INT_S08_DAY,2026-01-07,U_INT,S08_DAY,40,3,6,2.19,13.333
2026-01-07_U_INT_S08_EVE,2026-01-07,U_INT,S08_EVE,44,5,2,1.85,14.667
2026-01-07_U_INT_S08_NIGHT,2026-01-07,U_INT,S08_NIGHT,37,5,4,1.82,12.333
2026-01-08_U_ICU_S12_DAY,2026-01-08,U_ICU,S12_DAY,13,1,1,4.44,6.5
2026-01-08_U_ICU_S12_NIGHT,2026-01-08,U_ICU,S12_NIGHT,15,0,0,3.9,7.5
2026-01-08_U_INT_S08_DAY,2026-01-08,U_INT,S08_DAY,44,4,3,2.45,14.667
2026-01-08_U_INT_S08_EVE,2026-01-08,U_INT,S08_EVE,45,0,5,2.58,15.0
2026-01-08_U_INT_S08_NIGHT,2026-01-08,U_INT,S08_NIGHT,42,7,6,2.05,14.0
2026-01-09_U_ICU_S12_DAY,2026-01-09,U_ICU,S12_DAY,14,3,1,4.53,7.0
2026-01-09_U_ICU_S12_NIGHT,2026-01-09,U_ICU,S12_NIGHT,16,2,1,3.6,8.0
2026-01-09_U_INT_S08_DAY,2026-01-09,U_INT,S08_DAY,35,6,5,1.93,11.667
2026-01-09_U_INT_S08_EVE,2026-01-09,U_INT,S08_EVE,47,7,6,1.97,15.667
2026-01-09_U_INT_S08_NIGHT,2026-01-09,U_INT,S08_NIGHT,48,2,3,2.36,16.0
2026-01-10_U_ICU_S12_DAY,2026-01-10,U_ICU,S12_DAY,12,2,2,4.5,6.0
2026-01-10_U_ICU_S12_NIGHT,2026-01-10,U_ICU,S12_NIGHT,16,1,5,4.25,8.0
2026-01-10_U_INT_S08_DAY,2026-01-10,U_INT,S08_DAY,31,5,10,2.44,10.333
2026-01-10_U_INT_S08_EVE,2026-01-10,U_INT,S08_EVE,45,5,5,2.23,15.0
2026-01-10_U_INT_S08_NIGHT,2026-01-10,U_INT,S08_NIGHT,42,6,2,1.82,14.0
2026-01-11_U_ICU_S12_DAY,2026-01-11,U_ICU,S12_DAY,13,0,1,4.25,6.5
2026-01-11_U_ICU_S12_NIGHT,2026-01-11,U_ICU,S12_NIGHT,13,0,0,4.56,6.5
2026-01-11_U_INT_S08_DAY,2026-01-11,U_INT,S08_DAY,26,5,2,2.66,8.667
2026-01-11_U_INT_S08_EVE,2026-01-11,U_INT,S08_EVE,34,6,3,2.62,11.333
2026-01-11_U_INT_S08_NIGHT,2026-01-11,U_INT,S08_NIGHT,34,3,4,1.85,11.333
2026-01-12_U_ICU_S12_DAY,2026-01-12,U_ICU,S12_DAY,13,4,2,3.47,6.5
2026-01-12_U_ICU_S12_NIGHT,2026-01-12,U_ICU,S12_NIGHT,12,2,2,4.35,6.0
2026-01-12_U_INT_S08_DAY,2026-01-12,U_INT,S08_DAY,36,5,3,2.04,12.0
2026-01-12_U_INT_S08_EVE,2026-01-12,U_INT,S08_EVE,35,2,1,1.97,11.667
2026-01-12_U_INT_S08_NIGHT,2026-01-12,U_INT,S08_NIGHT,38,4,5,2.54,12.667
2026-01-13_U_ICU_S12_DAY,2026-01-13,U_ICU,S12_DAY,14,0,0,4.24,7.0
2026-01-13_U_ICU_S12_NIGHT,2026-01-13,U_ICU,S12_NIGHT,18,4,2,3.95,9.0
2026-01-13_U_INT_S08_DAY,2026-01-13,U_INT,S08_DAY,39,6,4,2.43,13.0
2026-01-13_U_INT_S08_EVE,2026-01-13,U_INT,S08_EVE,37,4,3,2.69,12.333
2026-01-13_U_INT_S08_NIGHT,2026-01-13,U_INT,S08_NIGHT,40,4,8,2.21,13.333
2026-01-14_U_ICU_S12_DAY,2026-01-14,U_ICU,S12_DAY,13,1,3,4.42,6.5
2026-01-14_U_ICU_S12_NIGHT,2026-01-14,U_ICU,S12_NIGHT,14,0,0,4.4,7.0
2026-01-14_U_INT_S08_DAY,2026-01-14,U_INT,S08_DAY,35,5,3,1.92,11.667
2026-01-14_U_INT_S08_EVE,2026-01-14,U_INT,S08_EVE,39,6,5,1.85,13.0
2026-01-14_U_INT_S08_NIGHT,2026-01-14,U_INT,S08_NIGHT,41,0,4,2.3,13.667
2026-01-15_U_ICU_S12_DAY,2026-01-15,U_ICU,S12_DAY,14,2,2,4.58,7.0
2026-01-15_U_ICU_S12_NIGHT,2026-01-15,U_ICU,S12_NIGHT,17,3,1,4.07,8.5
2026-01-15_U_INT_S08_DAY,2026-01-15,U_INT,S08_DAY,37,4,2,2.59,12.333
2026-01-15_U_INT_S08_EVE,2026-01-15,U_INT,S08_EVE,44,4,0,2.12,14.667
2026-01-15_U_INT_S08_NIGHT,2026-01-15,U_INT,S08_NIGHT,48,4,3,2.05,16.0
2026-01-16_U_ICU_S12_DAY,2026-01-16,U_ICU,S12_DAY,11,0,1,4.12,5.5
2026-01-16_U_ICU_S12_NIGHT,2026-01-16,U_ICU,S12_NIGHT,14,1,1,3.45,7.0
2026-01-16_U_INT_S08_DAY,2026-01-16,U_INT,S08_DAY,41,5,2,2.05,13.667
2026-01-16_U_INT_S08_EVE,2026-01-16,U_INT,S08_EVE,41,6,7,2.32,13.667
2026-01-16_U_INT_S08_NIGHT,2026-01-16,U_INT,S08_NIGHT,41,6,5,2.21,13.667
2026-01-17_U_ICU_S12_DAY,2026-01-17,U_ICU,S12_DAY,12,4,0,3.84,6.0
2026-01-17_U_ICU_S12_NIGHT,2026-01-17,U_ICU,S12_NIGHT,11,0,1,3.76,5.5
2026-01-17_U_INT_S08_DAY,2026-01-17,U_INT,S08_DAY,38,7,6,2.0,12.667
2026-01-17_U_INT_S08_EVE,2026-01-17,U_INT,S08_EVE,36,4,1,2.7,12.0
2026-01-17_U_INT_S08_NIGHT,2026-01-17,U_INT,S08_NIGHT,41,3,6,1.97,13.667
2026-01-18_U_ICU_S12_DAY,2026-01-18,U_ICU,S12_DAY,13,2,1,4.31,6.5
2026-01-18_U_ICU_S12_NIGHT,2026-01-18,U_ICU,S12_NIGHT,12,1,3,4.51,6.0
2026-01-18_U_INT_S08_DAY,2026-01-18,U_INT,S08_DAY,40,5,8,2.24,13.333
2026-01-18_U_INT_S08_EVE,2026-01-18,U_INT,S08_EVE,42,7,8,1.93,14.0
2026-01-18_U_INT_S08_NIGHT,2026-01-18,U_INT,S08_NIGHT,42,4,5,2.26,14.0
2026-01-19_U_ICU_S12_DAY,2026-01-19,U_ICU,S12_DAY,13,1,2,3.55,6.5
2026-01-19_U_ICU_S12_NIGHT,2026-01-19,U_ICU,S12_NIGHT,15,0,1,4.19,7.5
2026-01-19_U_INT_S08_DAY,2026-01-19,U_INT,S08_DAY,40,1,5,1.96,13.333
2026-01-19_U_INT_S08_EVE,2026-01-19,U_INT,S08_EVE,33,3,5,2.13,11.0
2026-01-19_U_INT_S08_NIGHT,2026-01-19,U_INT,S08_NIGHT,42,4,5,2.31,14.0
2026-01-20_U_ICU_S12_DAY,2026-01-20,U_ICU,S12_DAY,15,1,0,3.45,7.5
2026-01-20_U_ICU_S12_NIGHT,2026-01-20,U_ICU,S12_NIGHT,14,2,3,3.73,7.0
2026-01-20_U_INT_S08_DAY,2026-01-20,U_INT,S08_DAY,40,6,3,2.47,13.333
2026-01-20_U_INT_S08_EVE,2026-01-20,U_INT,S08_EVE,41,4,6,2.61,13.667
2026-01-20_U_INT_S08_NIGHT,2026-01-20,U_INT,S08_NIGHT,48,6,4,2.19,16.0
2026-01-21_U_ICU_S12_DAY,2026-01-21,U_ICU,S12_DAY,13,2,5,4.56,6.5
2026-01-21_U_ICU_S12_NIGHT,2026-01-21,U_ICU,S12_NIGHT,13,1,2,3.55,6.5
2026-01-21_U_INT_S08_DAY,2026-01-21,U_INT,S08_DAY,38,4,8,2.09,12.667
2026-01-21_U_INT_S08_EVE,2026-01-21,U_INT,S08_EVE,32,5,4,2.14,10.667
2026-01-21_U_INT_S08_NIGHT,2026-01-21,U_INT,S08_NIGHT,44,5,5,1.98,14.667
2026-01-22_U_ICU_S12_DAY,2026-01-22,U_ICU,S12_DAY,13,1,0,4.36,6.5
2026-01-22_U_ICU_S12_NIGHT,2026-01-22,U_ICU,S12_NIGHT,15,2,2,4.6,7.5
2026-01-22_U_INT_S08_DAY,2026-01-22,U_INT,S08_DAY,33,5,4,2.61,11.0
2026-01-22_U_INT_S08_EVE,2026-01-22,U_INT,S08_EVE,38,2,4,1.92,12.667
2026-01-22_U_INT_S08_NIGHT,2026-01-22,U_INT,S08_NIGHT,40,5,2,2.27,13.333
2026-01-23_U_ICU_S12_DAY,2026-01-23,U_ICU,S12_DAY,11,2,1,4.15,5.5
2026-01-23_U_ICU_S12_NIGHT,2026-01-23,U_ICU,S12_NIGHT,16,1,1,4.2,8.0
2026-01-23_U_INT_S08_DAY,2026-01-23,U_INT,S08_DAY,42,7,4,2.03,14.0
2026-01-23_U_INT_S08_EVE,2026-01-23,U_INT,S08_EVE,38,5,7,2.09,12.667
2026-01-23_U_INT_S08_NIGHT,2026-01-23,U_INT,S08_NIGHT,34,1,4,2.13,11.333
2026-01-24_U_ICU_S12_DAY,2026-01-24,U_ICU,S12_DAY,16,1,1,3.44,8.0
2026-01-24_U_ICU_S12_NIGHT,2026-01-24,U_ICU,S12_NIGHT,13,1,0,4.54,6.5
2026-01-24_U_INT_S08_DAY,2026-01-24,U_INT,S08_DAY,34,2,3,2.47,11.333
2026-01-24_U_INT_S08_EVE,2026-01-24,U_INT,S08_EVE,45,3,5,2.34,15.0
2026-01-24_U_INT_S08_NIGHT,2026-01-24,U_INT,S08_NIGHT,34,6,5,2.51,11.333
2026-01-25_U_ICU_S12_DAY,2026-01-25,U_ICU,S12_DAY,14,0,1,3.97,7.0
2026-01-25_U_ICU_S12_NIGHT,2026-01-25,U_ICU,S12_NIGHT,10,2,1,3.83,5.0
2026-01-25_U_INT_S08_DAY,2026-01-25,U_INT,S08_DAY,38,3,3,1.97,12.667
2026-01-25_U_INT_S08_EVE,2026-01-25,U_INT,S08_EVE,43,3,3,2.1,14.333
2026-01-25_U_INT_S08_NIGHT,2026-01-25,U_INT,S08_NIGHT,38,0,6,2.23,12.667
2026-01-26_U_ICU_S12_DAY,2026-01-26,U_ICU,S12_DAY,16,0,0,4.22,8.0
2026-01-26_U_ICU_S12_NIGHT,2026-01-26,U_ICU,S12_NIGHT,12,1,0,3.99,6.0
2026-01-26_U_INT_S08_DAY,2026-01-26,U_INT,S08_DAY,41,5,4,2.6,13.667
2026-01-26_U_INT_S08_EVE,2026-01-26,U_INT,S08_EVE,42,4,6,2.66,14.0
2026-01-26_U_INT_S08_NIGHT,2026-01-26,U_INT,S08_NIGHT,41,5,1,1.81,13.667
2026-01-27_U_ICU_S12_DAY,2026-01-27,U_ICU,S12_DAY,12,1,1,3.75,6.0
2026-01-27_U_ICU_S12_NIGHT,2026-01-27,U_ICU,S12_NIGHT,17,1,1,4.33,8.5
2026-01-27_U_INT_S08_DAY,2026-01-27,U_INT,S08_DAY,39,6,5,2.63,13.0
2026-01-27_U_INT_S08_EVE,2026-01-27,U_INT,S08_EVE,36,2,4,2.04,12.0
2026-01-27_U_INT_S08_NIGHT,2026-01-27,U_INT,S08_NIGHT,39,2,5,2.14,13.0
2026-01-28_U_ICU_S12_DAY,2026-01-28,U_ICU,S12_DAY,13,0,2,4.26,6.5
2026-01-28_U_ICU_S12_NIGHT,2026-01-28,U_ICU,S12_NIGHT,14,1,2,4.07,7.0
2026-01-28_U_INT_S08_DAY,2026-01-28,U_INT,S08_DAY,46,5,3,2.64,15.333
2026-01-28_U_INT_S08_EVE,2026-01-28,U_INT,S08_EVE,44,1,2,2.08,14.667
2026-01-28_U_INT_S08_NIGHT,2026-01-28,U_INT,S08_NIGHT,41,4,6,2.59,13.667
2026-01-29_U_ICU_S12_DAY,2026-01-29,U_ICU,S12_DAY,14,1,2,4.22,7.0
2026-01-29_U_ICU_S12_NIGHT,2026-01-29,U_ICU,S12_NIGHT,12,2,2,3.69,6.0
2026-01-29_U_INT_S08_DAY,2026-01-29,U_INT,S08_DAY,47,6,5,2.64,15.667
2026-01-29_U_INT_S08_EVE,2026-01-29,U_INT,S08_EVE,39,3,4,2.61,13.0
2026-01-29_U_INT_S08_NIGHT,2026-01-29,U_INT,S08_NIGHT,45,5,5,2.62,15.0
2026-01-30_U_ICU_S12_DAY,2026-01-30,U_ICU,S12_DAY,10,2,3,4.49,5.0
2026-01-30_U_ICU_S12_NIGHT,2026-01-30,U_ICU,S12_NIGHT,14,0,0,4.12,7.0
2026-01-30_U_INT_S08_DAY,2026-01-30,U_INT,S08_DAY,33,6,3,1.84,11.0
2026-01-30_U_INT_S08_EVE,2026-01-30,U_INT,S08_EVE,42,2,5,2.5,14.0
2026-01-30_U_INT_S08_NIGHT,2026-01-30,U_INT,S08_NIGHT,39,5,4,2.48,13.0
2026-01-31_U_ICU_S12_DAY,2026-01-31,U_ICU,S12_DAY,12,2,0,4.67,6.0
2026-01-31_U_ICU_S12_NIGHT,2026-01-31,U_ICU,S12_NIGHT,13,0,1,4.46,6.5
2026-01-31_U_INT_S08_DAY,2026-01-31,U_INT,S08_DAY,38,1,5,2.0,12.667
2026-01-31_U_INT_S08_EVE,2026-01-31,U_INT,S08_EVE,44,4,4,2.51,14.667
2026-01-31_U_INT_S08_NIGHT,2026-01-31,U_INT,S08_NIGHT,38,5,4,2.12,12.667
2026-02-01_U_ICU_S12_DAY,2026-02-01,U_ICU,S12_DAY,11,1,1,4.76,5.5
2026-02-01_U_ICU_S12_NIGHT,2026-02-01,U_ICU,S12_NIGHT,10,0,0,3.76,5.0
2026-02-01_U_INT_S08_DAY,2026-02-01,U_INT,S08_DAY,44,5,1,2.34,14.667
2026-02-01_U_INT_S08_EVE,2026-02-01,U_INT,S08_EVE,42,9,6,1.87,14.0
2026-02-01_U_INT_S08_NIGHT,2026-02-01,U_INT,S08_NIGHT,39,5,4,2.02,13.0
2026-02-02_U_ICU_S12_DAY,2026-02-02,U_ICU,S12_DAY,14,1,1,4.52,7.0
2026-02-02_U_ICU_S12_NIGHT,2026-02-02,U_ICU,S12_NIGHT,14,0,4,3.52,7.0
2026-02-02_U_INT_S08_DAY,2026-02-02,U_INT,S08_DAY,42,7,5,2.25,14.0
2026-02-02_U_INT_S08_EVE,2026-02-02,U_INT,S08_EVE,40,3,4,2.23,13.333
2026-02-02_U_INT_S08_NIGHT,2026-02-02,U_INT,S08_NIGHT,44,8,5,2.02,14.667
2026-02-03_U_ICU_S12_DAY,2026-02-03,U_ICU,S12_DAY,14,0,2,3.49,7.0
2026-02-03_U_ICU_S12_NIGHT,2026-02-03,U_ICU,S12_NIGHT,12,1,2,4.03,6.0
2026-02-03_U_INT_S08_DAY,2026-02-03,U_INT,S08_DAY,35,3,2,2.37,11.667
2026-02-03_U_INT_S08_EVE,2026-02-03,U_INT,S08_EVE,46,4,4,2.35,15.333
2026-02-03_U_INT_S08_NIGHT,2026-02-03,U_INT,S08_NIGHT,41,4,8,2.19,13.667
2026-02-04_U_ICU_S12_DAY,2026-02-04,U_ICU,S12_DAY,14,1,0,3.98,7.0
2026-02-04_U_ICU_S12_NIGHT,2026-02-04,U_ICU,S12_NIGHT,11,1,1,3.96,5.5
2026-02-04_U_INT_S08_DAY,2026-02-04,U_INT,S08_DAY,35,6,4,1.8,11.667
2026-02-04_U_INT_S08_EVE,2026-02-04,U_INT,S08_EVE,39,3,4,2.58,13.0
2026-02-04_U_INT_S08_NIGHT,2026-02-04,U_INT,S08_NIGHT,42,8,3,2.1,14.0
2026-02-05_U_ICU_S12_DAY,2026-02-05,U_ICU,S12_DAY,14,0,0,4.39,7.0
2026-02-05_U_ICU_S12_NIGHT,2026-02-05,U_ICU,S12_NIGHT,14,2,2,4.33,7.0
2026-02-05_U_INT_S08_DAY,2026-02-05,U_INT,S08_DAY,35,4,7,2.35,11.667
2026-02-05_U_INT_S08_EVE,2026-02-05,U_INT,S08_EVE,36,5,1,1.84,12.0
2026-02-05_U_INT_S08_NIGHT,2026-02-05,U_INT,S08_NIGHT,43,1,2,2.33,14.333
2026-02-06_U_ICU_S12_DAY,2026-02-06,U_ICU,S12_DAY,14,1,0,3.86,7.0
2026-02-06_U_ICU_S12_NIGHT,2026-02-06,U_ICU,S12_NIGHT,13,1,0,4.62,6.5
2026-02-06_U_INT_S08_DAY,2026-02-06,U_INT,S08_DAY,41,5,0,1.92,13.667
2026-02-06_U_INT_S08_EVE,2026-02-06,U_INT,S08_EVE,44,3,1,2.24,14.667
2026-02-06_U_INT_S08_NIGHT,2026-02-06,U_INT,S08_NIGHT,32,6,6,2.25,10.667
2026-02-07_U_ICU_S12_DAY,2026-02-07,U_ICU,S12_DAY,10,2,1,4.25,5.0
2026-02-07_U_ICU_S12_NIGHT,2026-02-07,U_ICU,S12_NIGHT,11,1,0,4.21,5.5
2026-02-07_U_INT_S08_DAY,2026-02-07,U_INT,S08_DAY,43,6,3,2.67,14.333
2026-02-07_U_INT_S08_EVE,2026-02-07,U_INT,S08_EVE,40,4,4,2.22,13.333
2026-02-07_U_INT_S08_NIGHT,2026-02-07,U_INT,S08_NIGHT,34,3,5,2.08,11.333
2026-02-08_U_ICU_S12_DAY,2026-02-08,U_ICU,S12_DAY,13,2,3,4.4,6.5
2026-02-08_U_ICU_S12_NIGHT,2026-02-08,U_ICU,S12_NIGHT,11,1,0,4.22,5.5
2026-02-08_U_INT_S08_DAY,2026-02-08,U_INT,S08_DAY,37,3,2,1.82,12.333
2026-02-08_U_INT_S08_EVE,2026-02-08,U_INT,S08_EVE,37,5,4,2.27,12.333
2026-02-08_U_INT_S08_NIGHT,2026-02-08,U_INT,S08_NIGHT,38,4,3,2.28,12.667
2026-02-09_U_ICU_S12_DAY,2026-02-09,U_ICU,S12_DAY,12,0,0,4.63,6.0
2026-02-09_U_ICU_S12_NIGHT,2026-02-09,U_ICU,S12_NIGHT,12,2,0,3.92,6.0
2026-02-09_U_INT_S08_DAY,2026-02-09,U_INT,S08_DAY,41,5,4,1.88,13.667
2026-02-09_U_INT_S08_EVE,2026-02-09,U_INT,S08_EVE,42,5,2,2.69,14.0
2026-02-09_U_INT_S08_NIGHT,2026-02-09,U_INT,S08_NIGHT,40,6,2,2.17,13.333
2026-02-10_U_ICU_S12_DAY,2026-02-10,U_ICU,S12_DAY,13,3,1,4.32,6.5
2026-02-10_U_ICU_S12_NIGHT,2026-02-10,U_ICU,S12_NIGHT,11,1,2,4.5,5.5
2026-02-10_U_INT_S08_DAY,2026-02-10,U_INT,S08_DAY,40,4,5,1.98,13.333
2026-02-10_U_INT_S08_EVE,2026-02-10,U_INT,S08_EVE,38,4,3,1.85,12.667
2026-02-10_U_INT_S08_NIGHT,2026-02-10,U_INT,S08_NIGHT,34,4,2,2.28,11.333
2026-02-11_U_ICU_S12_DAY,2026-02-11,U_ICU,S12_DAY,10,0,3,4.39,5.0
2026-02-11_U_ICU_S12_NIGHT,2026-02-11,U_ICU,S12_NIGHT,14,2,1,4.59,7.0
2026-02-11_U_INT_S08_DAY,2026-02-11,U_INT,S08_DAY,41,5,7,2.58,13.667
2026-02-11_U_INT_S08_EVE,2026-02-11,U_INT,S08_EVE,38,5,4,2.66,12.667
2026-02-11_U_INT_S08_NIGHT,2026-02-11,U_INT,S08_NIGHT,42,2,2,1.98,14.0
2026-02-12_U_ICU_S12_DAY,2026-02-12,U_ICU,S12_DAY,13,3,1,4.5,6.5
2026-02-12_U_ICU_S12_NIGHT,2026-02-12,U_ICU,S12_NIGHT,14,2,1,3.69,7.0
2026-02-12_U_INT_S08_DAY,2026-02-12,U_INT,S08_DAY,40,6,4,2.37,13.333
2026-02-12_U_INT_S08_EVE,2026-02-12,U_INT,S08_EVE,42,4,3,2.68,14.0
2026-02-12_U_INT_S08_NIGHT,2026-02-12,U_INT,S08_NIGHT,38,7,0,1.8,12.667
2026-02-13_U_ICU_S12_DAY,2026-02-13,U_ICU,S12_DAY,12,4,1,4.6,6.0
2026-02-13_U_ICU_S12_NIGHT,2026-02-13,U_ICU,S12_NIGHT,13,2,2,3.85,6.5
2026-02-13_U_INT_S08_DAY,2026-02-13,U_INT,S08_DAY,38,6,4,2.49,12.667
2026-02-13_U_INT_S08_EVE,2026-02-13,U_INT,S08_EVE,43,3,5,2.6,14.333
2026-02-13_U_INT_S08_NIGHT,2026-02-13,U_INT,S08_NIGHT,43,3,5,2.08,14.333
2026-02-14_U_ICU_S12_DAY,2026-02-14,U_ICU,S12_DAY,14,3,1,4.09,7.0
2026-02-14_U_ICU_S12_NIGHT,2026-02-14,U_ICU,S12_NIGHT,15,1,0,4.69,7.5
2026-02-14_U_INT_S08_DAY,2026-02-14,U_INT,S08_DAY,39,5,4,1.9,13.0
2026-02-14_U_INT_S08_EVE,2026-02-14,U_INT,S08_EVE,41,4,1,2.36,13.667
2026-02-14_U_INT_S08_NIGHT,2026-02-14,U_INT,S08_NIGHT,39,2,4,2.65,13.0
2026-02-15_U_ICU_S12_DAY,2026-02-15,U_ICU,S12_DAY,14,6,1,3.45,7.0
2026-02-15_U_ICU_S12_NIGHT,2026-02-15,U_ICU,S12_NIGHT,11,1,3,3.76,5.5
2026-02-15_U_INT_S08_DAY,2026-02-15,U_INT,S08_DAY,38,6,2,2.21,12.667
2026-02-15_U_INT_S08_EVE,2026-02-15,U_INT,S08_EVE,40,2,3,2.22,13.333
2026-02-15_U_INT_S08_NIGHT,2026-02-15,U_INT,S08_NIGHT,37,7,0,1.82,12.333
2026-02-16_U_ICU_S12_DAY,2026-02-16,U_ICU,S12_DAY,16,2,1,3.66,8.0
2026-02-16_U_ICU_S12_NIGHT,2026-02-16,U_ICU,S12_NIGHT,16,1,1,3.93,8.0
2026-02-16_U_INT_S08_DAY,2026-02-16,U_INT,S08_DAY,36,4,5,2.42,12.0
2026-02-16_U_INT_S08_EVE,2026-02-16,U_INT,S08_EVE,42,4,5,2.23,14.0
2026-02-16_U_INT_S08_NIGHT,2026-02-16,U_INT,S08_NIGHT,42,3,3,2.06,14.0
2026-02-17_U_ICU_S12_DAY,2026-02-17,U_ICU,S12_DAY,15,0,2,3.88,7.5
2026-02-17_U_ICU_S12_NIGHT,2026-02-17,U_ICU,S12_NIGHT,17,1,0,4.48,8.5
2026-02-17_U_INT_S08_DAY,2026-02-17,U_INT,S08_DAY,44,0,4,2.64,14.667
2026-02-17_U_INT_S08_EVE,2026-02-17,U_INT,S08_EVE,37,4,6,2.03,12.333
2026-02-17_U_INT_S08_NIGHT,2026-02-17,U_INT,S08_NIGHT,38,3,3,2.06,12.667
2026-02-18_U_ICU_S12_DAY,2026-02-18,U_ICU,S12_DAY,12,2,0,3.98,6.0
2026-02-18_U_ICU_S12_NIGHT,2026-02-18,U_ICU,S12_NIGHT,13,1,1,4.41,6.5
2026-02-18_U_INT_S08_DAY,2026-02-18,U_INT,S08_DAY,41,4,2,2.54,13.667
2026-02-18_U_INT_S08_EVE,2026-02-18,U_INT,S08_EVE,44,7,4,2.28,14.667
2026-02-18_U_INT_S08_NIGHT,2026-02-18,U_INT,S08_NIGHT,42,5,1,2.51,14.0
2026-02-19_U_ICU_S12_DAY,2026-02-19,U_ICU,S12_DAY,12,1,1,4.45,6.0
2026-02-19_U_ICU_S12_NIGHT,2026-02-19,U_ICU,S12_NIGHT,13,0,1,4.52,6.5
2026-02-19_U_INT_S08_DAY,2026-02-19,U_INT,S08_DAY,41,4,5,1.82,13.667
2026-02-19_U_INT_S08_EVE,2026-02-19,U_INT,S08_EVE,38,4,3,2.15,12.667
2026-02-19_U_INT_S08_NIGHT,2026-02-19,U_INT,S08_NIGHT,39,7,5,2.2,13.0
2026-02-20_U_ICU_S12_DAY,2026-02-20,U_ICU,S12_DAY,13,2,1,3.47,6.5
2026-02-20_U_ICU_S12_NIGHT,2026-02-20,U_ICU,S12_NIGHT,13,0,1,4.31,6.5
2026-02-20_U_INT_S08_DAY,2026-02-20,U_INT,S08_DAY,41,3,5,2.01,13.667
2026-02-20_U_INT_S08_EVE,2026-02-20,U_INT,S08_EVE,40,6,3,2.67,13.333
2026-02-20_U_INT_S08_NIGHT,2026-02-20,U_INT,S08_NIGHT,41,8,5,2.54,13.667
2026-02-21_U_ICU_S12_DAY,2026-02-21,U_ICU,S12_DAY,14,2,0,3.46,7.0
2026-02-21_U_ICU_S12_NIGHT,2026-02-21,U_ICU,S12_NIGHT,11,1,2,4.74,5.5
2026-02-21_U_INT_S08_DAY,2026-02-21,U_INT,S08_DAY,42,7,4,1.93,14.0
2026-02-21_U_INT_S08_EVE,2026-02-21,U_INT,S08_EVE,36,3,4,1.93,12.0
2026-02-21_U_INT_S08_NIGHT,2026-02-21,U_INT,S08_NIGHT,39,2,2,2.06,13.0
2026-02-22_U_ICU_S12_DAY,2026-02-22,U_ICU,S12_DAY,13,0,1,4.43,6.5
2026-02-22_U_ICU_S12_NIGHT,2026-02-22,U_ICU,S12_NIGHT,10,0,1,3.92,5.0
2026-02-22_U_INT_S08_DAY,2026-02-22,U_INT,S08_DAY,36,0,6,2.43,12.0
2026-02-22_U_INT_S08_EVE,2026-02-22,U_INT,S08_EVE,37,1,6,2.07,12.333
2026-02-22_U_INT_S08_NIGHT,2026-02-22,U_INT,S08_NIGHT,36,1,0,2.14,12.0
2026-02-23_U_ICU_S12_DAY,2026-02-23,U_ICU,S12_DAY,13,0,1,4.56,6.5
2026-02-23_U_ICU_S12_NIGHT,2026-02-23,U_ICU,S12_NIGHT,12,1,1,3.95,6.0
2026-02-23_U_INT_S08_DAY,2026-02-23,U_INT,S08_DAY,44,4,4,2.31,14.667
2026-02-23_U_INT_S08_EVE,2026-02-23,U_INT,S08_EVE,41,3,4,2.39,13.667
2026-02-23_U_INT_S08_NIGHT,2026-02-23,U_INT,S08_NIGHT,42,2,6,2.66,14.0
2026-02-24_U_ICU_S12_DAY,2026-02-24,U_ICU,S12_DAY,15,1,1,3.81,7.5
2026-02-24_U_ICU_S12_NIGHT,2026-02-24,U_ICU,S12_NIGHT,17,0,3,4.75,8.5
2026-02-24_U_INT_S08_DAY,2026-02-24,U_INT,S08_DAY,41,5,1,2.58,13.667
2026-02-24_U_INT_S08_EVE,2026-02-24,U_INT,S08_EVE,37,8,4,2.63,12.333
2026-02-24_U_INT_S08_NIGHT,2026-02-24,U_INT,S08_NIGHT,44,5,2,2.08,14.667
2026-02-25_U_ICU_S12_DAY,2026-02-25,U_ICU,S12_DAY,11,1,1,3.61,5.5
2026-02-25_U_ICU_S12_NIGHT,2026-02-25,U_ICU,S12_NIGHT,15,1,1,4.41,7.5
2026-02-25_U_INT_S08_DAY,2026-02-25,U_INT,S08_DAY,44,2,5,2.66,14.667
2026-02-25_U_INT_S08_EVE,2026-02-25,U_INT,S08_EVE,40,3,4,2.49,13.333
2026-02-25_U_INT_S08_NIGHT,2026-02-25,U_INT,S08_NIGHT,44,6,3,2.41,14.667
2026-02-26_U_ICU_S12_DAY,2026-02-26,U_ICU,S12_DAY,17,3,1,4.63,8.5
2026-02-26_U_ICU_S12_NIGHT,2026-02-26,U_ICU,S12_NIGHT,15,1,2,4.73,7.5
2026-02-26_U_INT_S08_DAY,2026-02-26,U_INT,S08_DAY,39,9,3,1.9,13.0
2026-02-26_U_INT_S08_EVE,2026-02-26,U_INT,S08_EVE,41,5,3,2.08,13.667
2026-02-26_U_INT_S08_NIGHT,2026-02-26,U_INT,S08_NIGHT,40,5,1,1.94,13.333
2026-02-27_U_ICU_S12_DAY,2026-02-27,U_ICU,S12_DAY,12,0,1,4.09,6.0
2026-02-27_U_ICU_S12_NIGHT,2026-02-27,U_ICU,S12_NIGHT,14,0,2,4.66,7.0
2026-02-27_U_INT_S08_DAY,2026-02-27,U_INT,S08_DAY,40,4,3,2.41,13.333
2026-02-27_U_INT_S08_EVE,2026-02-27,U_INT,S08_EVE,42,1,7,2.61,14.0
2026-02-27_U_INT_S08_NIGHT,2026-02-27,U_INT,S08_NIGHT,40,2,2,2.34,13.333
2026-02-28_U_ICU_S12_DAY,2026-02-28,U_ICU,S12_DAY,13,2,1,4.74,6.5
2026-02-28_U_ICU_S12_NIGHT,2026-02-28,U_ICU,S12_NIGHT,13,0,3,4.79,6.5
2026-02-28_U_INT_S08_DAY,2026-02-28,U_INT,S08_DAY,39,2,2,2.29,13.0
2026-02-28_U_INT_S08_EVE,2026-02-28,U_INT,S08_EVE,40,6,6,2.44,13.333
2026-02-28_U_INT_S08_NIGHT,2026-02-28,U_INT,S08_NIGHT,43,6,2,2.2,14.333
2026-03-01_U_ICU_S12_DAY,2026-03-01,U_ICU,S12_DAY,17,1,0,4.7,8.5
2026-03-01_U_ICU_S12_NIGHT,2026-03-01,U_ICU,S12_NIGHT,17,1,0,3.5,8.5
2026-03-01_U_INT_S08_DAY,2026-03-01,U_INT,S08_DAY,41,4,5,2.07,13.667
2026-03-01_U_INT_S08_EVE,2026-03-01,U_INT,S08_EVE,39,6,3,2.52,13.0
2026-03-01_U_INT_S08_NIGHT,2026-03-01,U_INT,S08_NIGHT,27,2,4,2.55,9.0
2026-03-02_U_ICU_S12_DAY,2026-03-02,U_ICU,S12_DAY,15,3,0,4.58,7.5
2026-03-02_U_ICU_S12_NIGHT,2026-03-02,U_ICU,S12_NIGHT,13,0,1,3.64,6.5
2026-03-02_U_INT_S08_DAY,2026-03-02,U_INT,S08_DAY,34,3,6,2.58,11.333
2026-03-02_U_INT_S08_EVE,2026-03-02,U_INT,S08_EVE,40,3,4,2.03,13.333
2026-03-02_U_INT_S08_NIGHT,2026-03-02,U_INT,S08_NIGHT,36,6,2,2.4,12.0
2026-03-03_U_ICU_S12_DAY,2026-03-03,U_ICU,S12_DAY,13,1,1,3.98,6.5
2026-03-03_U_ICU_S12_NIGHT,2026-03-03,U_ICU,S12_NIGHT,13,2,0,4.14,6.5
2026-03-03_U_INT_S08_DAY,2026-03-03,U_INT,S08_DAY,38,5,4,2.06,12.667
2026-03-03_U_INT_S08_EVE,2026-03-03,U_INT,S08_EVE,39,2,6,2.54,13.0
2026-03-03_U_INT_S08_NIGHT,2026-03-03,U_INT,S08_NIGHT,40,4,4,2.03,13.333
2026-03-04_U_ICU_S12_DAY,2026-03-04,U_ICU,S12_DAY,10,1,2,4.77,5.0
2026-03-04_U_ICU_S12_NIGHT,2026-03-04,U_ICU,S12_NIGHT,13,0,1,4.25,6.5
2026-03-04_U_INT_S08_DAY,2026-03-04,U_INT,S08_DAY,42,4,4,2.14,14.0
2026-03-04_U_INT_S08_EVE,2026-03-04,U_INT,S08_EVE,33,2,3,2.19,11.0
2026-03-04_U_INT_S08_NIGHT,2026-03-04,U_INT,S08_NIGHT,40,4,4,2.48,13.333
2026-03-05_U_ICU_S12_DAY,2026-03-05,U_ICU,S12_DAY,12,1,2,4.63,6.0
2026-03-05_U_ICU_S12_NIGHT,2026-03-05,U_ICU,S12_NIGHT,14,0,2,3.42,7.0
2026-03-05_U_INT_S08_DAY,2026-03-05,U_INT,S08_DAY,39,5,4,2.06,13.0
2026-03-05_U_INT_S08_EVE,2026-03-05,U_INT,S08_EVE,40,2,5,2.04,13.333
2026-03-05_U_INT_S08_NIGHT,2026-03-05,U_INT,S08_NIGHT,41,2,2,2.4,13.667
2026-03-06_U_ICU_S12_DAY,2026-03-06,U_ICU,S12_DAY,14,0,0,3.89,7.0
2026-03-06_U_ICU_S12_NIGHT,2026-03-06,U_ICU,S12_NIGHT,14,2,1,4.37,7.0
2026-03-06_U_INT_S08_DAY,2026-03-06,U_INT,S08_DAY,41,3,2,1.8,13.667
2026-03-06_U_INT_S08_EVE,2026-03-06,U_INT,S08_EVE,37,3,1,2.6,12.333
2026-03-06_U_INT_S08_NIGHT,2026-03-06,U_INT,S08_NIGHT,45,3,4,2.63,15.0
2026-03-07_U_ICU_S12_DAY,2026-03-07,U_ICU,S12_DAY,14,1,1,3.68,7.0
2026-03-07_U_ICU_S12_NIGHT,2026-03-07,U_ICU,S12_NIGHT,14,2,1,4.02,7.0
2026-03-07_U_INT_S08_DAY,2026-03-07,U_INT,S08_DAY,45,6,3,2.61,15.0
2026-03-07_U_INT_S08_EVE,2026-03-07,U_INT,S08_EVE,38,5,2,2.34,12.667
2026-03-07_U_INT_S08_NIGHT,2026-03-07,U_INT,S08_NIGHT,44,3,5,2.34,14.667
2026-03-08_U_ICU_S12_DAY,2026-03-08,U_ICU,S12_DAY,12,3,0,4.51,6.0
2026-03-08_U_ICU_S12_NIGHT,2026-03-08,U_ICU,S12_NIGHT,14,0,1,4.0,7.0
2026-03-08_U_INT_S08_DAY,2026-03-08,U_INT,S08_DAY,42,4,3,2.05,14.0
2026-03-08_U_INT_S08_EVE,2026-03-08,U_INT,S08_EVE,39,2,3,2.52,13.0
2026-03-08_U_INT_S08_NIGHT,2026-03-08,U_INT,S08_NIGHT,39,5,5,2.53,13.0
2026-03-09_U_ICU_S12_DAY,2026-03-09,U_ICU,S12_DAY,15,0,1,3.68,7.5
2026-03-09_U_ICU_S12_NIGHT,2026-03-09,U_ICU,S12_NIGHT,15,0,1,4.48,7.5
2026-03-09_U_INT_S08_DAY,2026-03-09,U_INT,S08_DAY,36,6,7,2.53,12.0
2026-03-09_U_INT_S08_EVE,2026-03-09,U_INT,S08_EVE,38,2,5,1.94,12.667
2026-03-09_U_INT_S08_NIGHT,2026-03-09,U_INT,S08_NIGHT,41,5,5,2.31,13.667
2026-03-10_U_ICU_S12_DAY,2026-03-10,U_ICU,S12_DAY,12,0,1,4.27,6.0
2026-03-10_U_ICU_S12_NIGHT,2026-03-10,U_ICU,S12_NIGHT,16,4,3,3.56,8.0
2026-03-10_U_INT_S08_DAY,2026-03-10,U_INT,S08_DAY,43,5,2,2.33,14.333
2026-03-10_U_INT_S08_EVE,2026-03-10,U_INT,S08_EVE,38,3,2,2.14,12.667
2026-03-10_U_INT_S08_NIGHT,2026-03-10,U_INT,S08_NIGHT,40,7,4,2.04,13.333
2026-03-11_U_ICU_S12_DAY,2026-03-11,U_ICU,S12_DAY,13,2,1,4.21,6.5
2026-03-11_U_ICU_S12_NIGHT,2026-03-11,U_ICU,S12_NIGHT,14,1,3,3.57,7.0
2026-03-11_U_INT_S08_DAY,2026-03-11,U_INT,S08_DAY,42,5,3,2.67,14.0
2026-03-11_U_INT_S08_EVE,2026-03-11,U_INT,S08_EVE,38,3,8,2.08,12.667
2026-03-11_U_INT_S08_NIGHT,2026-03-11,U_INT,S08_NIGHT,38,3,2,2.22,12.667
2026-03-12_U_ICU_S12_DAY,2026-03-12,U_ICU,S12_DAY,12,3,1,4.43,6.0
2026-03-12_U_ICU_S12_NIGHT,2026-03-12,U_ICU,S12_NIGHT,15,1,1,3.88,7.5
2026-03-12_U_INT_S08_DAY,2026-03-12,U_INT,S08_DAY,36,2,6,2.66,12.0
2026-03-12_U_INT_S08_EVE,2026-03-12,U_INT,S08_EVE,38,7,5,2.01,12.667
2026-03-12_U_INT_S08_NIGHT,2026-03-12,U_INT,S08_NIGHT,43,4,4,2.27,14.333
2026-03-13_U_ICU_S12_DAY,2026-03-13,U_ICU,S12_DAY,14,3,1,3.94,7.0
2026-03-13_U_ICU_S12_NIGHT,2026-03-13,U_ICU,S12_NIGHT,13,2,2,3.96,6.5
2026-03-13_U_INT_S08_DAY,2026-03-13,U_INT,S08_DAY,41,2,1,1.89,13.667
2026-03-13_U_INT_S08_EVE,2026-03-13,U_INT,S08_EVE,44,2,7,2.23,14.667
2026-03-13_U_INT_S08_NIGHT,2026-03-13,U_INT,S08_NIGHT,41,1,7,1.93,13.667
2026-03-14_U_ICU_S12_DAY,2026-03-14,U_ICU,S12_DAY,13,0,1,3.59,6.5
2026-03-14_U_ICU_S12_NIGHT,2026-03-14,U_ICU,S12_NIGHT,13,0,1,3.77,6.5
2026-03-14_U_INT_S08_DAY,2026-03-14,U_INT,S08_DAY,40,3,1,1.82,13.333
2026-03-14_U_INT_S08_EVE,2026-03-14,U_INT,S08_EVE,39,1,1,2.35,13.0
2026-03-14_U_INT_S08_NIGHT,2026-03-14,U_INT,S08_NIGHT,36,5,5,2.26,12.0
2026-03-15_U_ICU_S12_DAY,2026-03-15,U_ICU,S12_DAY,12,1,1,3.43,6.0
2026-03-15_U_ICU_S12_NIGHT,2026-03-15,U_ICU,S12_NIGHT,15,4,0,3.44,7.5
2026-03-15_U_INT_S08_DAY,2026-03-15,U_INT,S08_DAY,36,3,2,1.97,12.0
2026-03-15_U_INT_S08_EVE,2026-03-15,U_INT,S08_EVE,48,4,2,2.28,16.0
2026-03-15_U_INT_S08_NIGHT,2026-03-15,U_INT,S08_NIGHT,38,5,3,2.08,12.667
2026-03-16_U_ICU_S12_DAY,2026-03-16,U_ICU,S12_DAY,13,2,0,3.82,6.5
2026-03-16_U_ICU_S12_NIGHT,2026-03-16,U_ICU,S12_NIGHT,13,1,0,3.61,6.5
2026-03-16_U_INT_S08_DAY,2026-03-16,U_INT,S08_DAY,32,6,6,2.49,10.667
2026-03-16_U_INT_S08_EVE,2026-03-16,U_INT,S08_EVE,43,7,7,2.08,14.333
2026-03-16_U_INT_S08_NIGHT,2026-03-16,U_INT,S08_NIGHT,44,7,5,2.3,14.667
2026-03-17_U_ICU_S12_DAY,2026-03-17,U_ICU,S12_DAY,16,1,0,4.38,8.0
2026-03-17_U_ICU_S12_NIGHT,2026-03-17,U_ICU,S12_NIGHT,16,2,2,4.65,8.0
2026-03-17_U_INT_S08_DAY,2026-03-17,U_INT,S08_DAY,40,3,4,1.98,13.333
2026-03-17_U_INT_S08_EVE,2026-03-17,U_INT,S08_EVE,36,5,5,2.25,12.0
2026-03-17_U_INT_S08_NIGHT,2026-03-17,U_INT,S08_NIGHT,39,2,5,2.45,13.0
2026-03-18_U_ICU_S12_DAY,2026-03-18,U_ICU,S12_DAY,17,0,3,4.61,8.5
2026-03-18_U_ICU_S12_NIGHT,2026-03-18,U_ICU,S12_NIGHT,10,1,1,4.42,5.0
2026-03-18_U_INT_S08_DAY,2026-03-18,U_INT,S08_DAY,43,7,4,2.36,14.333
2026-03-18_U_INT_S08_EVE,2026-03-18,U_INT,S08_EVE,37,3,6,2.64,12.333
2026-03-18_U_INT_S08_NIGHT,2026-03-18,U_INT,S08_NIGHT,43,4,7,2.43,14.333
2026-03-19_U_ICU_S12_DAY,2026-03-19,U_ICU,S12_DAY,14,0,1,4.3,7.0
2026-03-19_U_ICU_S12_NIGHT,2026-03-19,U_ICU,S12_NIGHT,12,2,2,3.69,6.0
2026-03-19_U_INT_S08_DAY,2026-03-19,U_INT,S08_DAY,37,4,4,1.82,12.333
2026-03-19_U_INT_S08_EVE,2026-03-19,U_INT,S08_EVE,39,6,3,2.59,13.0
2026-03-19_U_INT_S08_NIGHT,2026-03-19,U_INT,S08_NIGHT,38,5,4,2.04,12.667
2026-03-20_U_ICU_S12_DAY,2026-03-20,U_ICU,S12_DAY,13,2,2,4.33,6.5
2026-03-20_U_ICU_S12_NIGHT,2026-03-20,U_ICU,S12_NIGHT,14,0,1,4.59,7.0
2026-03-20_U_INT_S08_DAY,2026-03-20,U_INT,S08_DAY,40,3,3,1.93,13.333
2026-03-20_U_INT_S08_EVE,2026-03-20,U_INT,S08_EVE,39,5,7,2.67,13.0
2026-03-20_U_INT_S08_NIGHT,2026-03-20,U_INT,S08_NIGHT,37,1,6,2.57,12.333
2026-03-21_U_ICU_S12_DAY,2026-03-21,U_ICU,S12_DAY,12,0,0,3.73,6.0
2026-03-21_U_ICU_S12_NIGHT,2026-03-21,U_ICU,S12_NIGHT,14,1,1,3.66,7.0
2026-03-21_U_INT_S08_DAY,2026-03-21,U_INT,S08_DAY,39,5,3,2.61,13.0
2026-03-21_U_INT_S08_EVE,2026-03-21,U_INT,S08_EVE,48,3,2,2.03,16.0
2026-03-21_U_INT_S08_NIGHT,2026-03-21,U_INT,S08_NIGHT,45,3,3,2.01,15.0
2026-03-22_U_ICU_S12_DAY,2026-03-22,U_ICU,S12_DAY,13,0,1,4.42,6.5
2026-03-22_U_ICU_S12_NIGHT,2026-03-22,U_ICU,S12_NIGHT,15,3,0,4.54,7.5
2026-03-22_U_INT_S08_DAY,2026-03-22,U_INT,S08_DAY,40,3,3,2.37,13.333
2026-03-22_U_INT_S08_EVE,2026-03-22,U_INT,S08_EVE,33,2,0,2.06,11.0
2026-03-22_U_INT_S08_NIGHT,2026-03-22,U_INT,S08_NIGHT,33,3,3,2.4,11.0
2026-03-23_U_ICU_S12_DAY,2026-03-23,U_ICU,S12_DAY,13,0,0,3.91,6.5
2026-03-23_U_ICU_S12_NIGHT,2026-03-23,U_ICU,S12_NIGHT,10,3,1,3.58,5.0
2026-03-23_U_INT_S08_DAY,2026-03-23,U_INT,S08_DAY,38,5,4,2.34,12.667
2026-03-23_U_INT_S08_EVE,2026-03-23,U_INT,S08_EVE,39,3,3,1.87,13.0
2026-03-23_U_INT_S08_NIGHT,2026-03-23,U_INT,S08_NIGHT,45,5,12,1.97,15.0
2026-03-24_U_ICU_S12_DAY,2026-03-24,U_ICU,S12_DAY,18,7,4,3.62,9.0
2026-03-24_U_ICU_S12_NIGHT,2026-03-24,U_ICU,S12_NIGHT,14,0,0,4.24,7.0
2026-03-24_U_INT_S08_DAY,2026-03-24,U_INT,S08_DAY,38,3,4,2.41,12.667
2026-03-24_U_INT_S08_EVE,2026-03-24,U_INT,S08_EVE,43,6,5,2.39,14.333
2026-03-24_U_INT_S08_NIGHT,2026-03-24,U_INT,S08_NIGHT,40,3,3,2.06,13.333
2026-03-25_U_ICU_S12_DAY,2026-03-25,U_ICU,S12_DAY,14,2,2,3.91,7.0
2026-03-25_U_ICU_S12_NIGHT,2026-03-25,U_ICU,S12_NIGHT,18,3,0,4.03,9.0
2026-03-25_U_INT_S08_DAY,2026-03-25,U_INT,S08_DAY,34,3,4,2.65,11.333
2026-03-25_U_INT_S08_EVE,2026-03-25,U_INT,S08_EVE,38,5,2,2.28,12.667
2026-03-25_U_INT_S08_NIGHT,2026-03-25,U_INT,S08_NIGHT,36,5,3,2.33,12.0
2026-03-26_U_ICU_S12_DAY,2026-03-26,U_ICU,S12_DAY,12,5,2,3.66,6.0
2026-03-26_U_ICU_S12_NIGHT,2026-03-26,U_ICU,S12_NIGHT,14,0,0,3.53,7.0
2026-03-26_U_INT_S08_DAY,2026-03-26,U_INT,S08_DAY,40,3,4,2.06,13.333
2026-03-26_U_INT_S08_EVE,2026-03-26,U_INT,S08_EVE,40,6,8,2.18,13.333
2026-03-26_U_INT_S08_NIGHT,2026-03-26,U_INT,S08_NIGHT,46,3,4,2.06,15.333
2026-03-27_U_ICU_S12_DAY,2026-03-27,U_ICU,S12_DAY,11,1,0,3.44,5.5
2026-03-27_U_ICU_S12_NIGHT,2026-03-27,U_ICU,S12_NIGHT,10,2,0,4.42,5.0
2026-03-27_U_INT_S08_DAY,2026-03-27,U_INT,S08_DAY,38,4,4,1.94,12.667
2026-03-27_U_INT_S08_EVE,2026-03-27,U_INT,S08_EVE,35,4,3,2.54,11.667
2026-03-27_U_INT_S08_NIGHT,2026-03-27,U_INT,S08_NIGHT,40,4,2,2.33,13.333
2026-03-28_U_ICU_S12_DAY,2026-03-28,U_ICU,S12_DAY,15,2,1,4.24,7.5
2026-03-28_U_ICU_S12_NIGHT,2026-03-28,U_ICU,S12_NIGHT,13,4,1,3.48,6.5
2026-03-28_U_INT_S08_DAY,2026-03-28,U_INT,S08_DAY,40,2,4,1.83,13.333
2026-03-28_U_INT_S08_EVE,2026-03-28,U_INT,S08_EVE,45,2,5,2.36,15.0
2026-03-28_U_INT_S08_NIGHT,2026-03-28,U_INT,S08_NIGHT,41,6,3,1.91,13.667
2026-03-29_U_ICU_S12_DAY,2026-03-29,U_ICU,S12_DAY,15,0,1,3.85,7.5
2026-03-29_U_ICU_S12_NIGHT,2026-03-29,U_ICU,S12_NIGHT,13,1,1,4.22,6.5
2026-03-29_U_INT_S08_DAY,2026-03-29,U_INT,S08_DAY,43,5,5,1.98,14.333
2026-03-29_U_INT_S08_EVE,2026-03-29,U_INT,S08_EVE,42,3,2,2.62,14.0
2026-03-29_U_INT_S08_NIGHT,2026-03-29,U_INT,S08_NIGHT,41,5,3,1.96,13.667
2026-03-30_U_ICU_S12_DAY,2026-03-30,U_ICU,S12_DAY,15,2,1,3.86,7.5
2026-03-30_U_ICU_S12_NIGHT,2026-03-30,U_ICU,S12_NIGHT,12,2,3,3.74,6.0
2026-03-30_U_INT_S08_DAY,2026-03-30,U_INT,S08_DAY,38,8,2,2.13,12.667
2026-03-30_U_INT_S08_EVE,2026-03-30,U_INT,S08_EVE,33,0,3,2.13,11.0
2026-03-30_U_INT_S08_NIGHT,2026-03-30,U_INT,S08_NIGHT,38,3,7,2.1,12.667
2026-03-31_U_ICU_S12_DAY,2026-03-31,U_ICU,S12_DAY,14,0,1,3.79,7.0
2026-03-31_U_ICU_S12_NIGHT,2026-03-31,U_ICU,S12_NIGHT,14,2,1,3.99,7.0
2026-03-31_U_INT_S08_DAY,2026-03-31,U_INT,S08_DAY,42,3,4,2.05,14.0
2026-03-31_U_INT_S08_EVE,2026-03-31,U_INT,S08_EVE,39,4,5,2.45,13.0
2026-03-31_U_INT_S08_NIGHT,2026-03-31,U_INT,S08_NIGHT,42,4,7,2.13,14.0
2026-04-01_U_ICU_S12_DAY,2026-04-01,U_ICU,S12_DAY,13,3,1,4.46,6.5
2026-04-01_U_ICU_S12_NIGHT,2026-04-01,U_ICU,S12_NIGHT,13,2,0,3.84,6.5
2026-04-01_U_INT_S08_DAY,2026-04-01,U_INT,S08_DAY,40,2,7,2.5,13.333
2026-04-01_U_INT_S08_EVE,2026-04-01,U_INT,S08_EVE,39,8,3,2.16,13.0
2026-04-01_U_INT_S08_NIGHT,2026-04-01,U_INT,S08_NIGHT,35,7,3,2.52,11.667
2026-04-02_U_ICU_S12_DAY,2026-04-02,U_ICU,S12_DAY,14,0,0,3.89,7.0
2026-04-02_U_ICU_S12_NIGHT,2026-04-02,U_ICU,S12_NIGHT,12,3,1,3.7,6.0
2026-04-02_U_INT_S08_DAY,2026-04-02,U_INT,S08_DAY,43,5,5,2.45,14.333
2026-04-02_U_INT_S08_EVE,2026-04-02,U_INT,S08_EVE,45,2,5,2.36,15.0
2026-04-02_U_INT_S08_NIGHT,2026-04-02,U_INT,S08_NIGHT,39,5,8,2.33,13.0
2026-04-03_U_ICU_S12_DAY,2026-04-03,U_ICU,S12_DAY,15,4,0,4.49,7.5
2026-04-03_U_ICU_S12_NIGHT,2026-04-03,U_ICU,S12_NIGHT,13,2,0,3.51,6.5
2026-04-03_U_INT_S08_DAY,2026-04-03,U_INT,S08_DAY,41,5,1,2.62,13.667
2026-04-03_U_INT_S08_EVE,2026-04-03,U_INT,S08_EVE,34,1,2,2.41,11.333
2026-04-03_U_INT_S08_NIGHT,2026-04-03,U_INT,S08_NIGHT,47,3,3,2.15,15.667
2026-04-04_U_ICU_S12_DAY,2026-04-04,U_ICU,S12_DAY,17,1,0,4.77,8.5
2026-04-04_U_ICU_S12_NIGHT,2026-04-04,U_ICU,S12_NIGHT,13,2,1,3.54,6.5
2026-04-04_U_INT_S08_DAY,2026-04-04,U_INT,S08_DAY,43,5,7,1.91,14.333
2026-04-04_U_INT_S08_EVE,2026-04-04,U_INT,S08_EVE,39,5,4,2.41,13.0
2026-04-04_U_INT_S08_NIGHT,2026-04-04,U_INT,S08_NIGHT,40,2,5,2.35,13.333
2026-04-05_U_ICU_S12_DAY,2026-04-05,U_ICU,S12_DAY,12,1,2,4.61,6.0
2026-04-05_U_ICU_S12_NIGHT,2026-04-05,U_ICU,S12_NIGHT,16,2,2,3.54,8.0
2026-04-05_U_INT_S08_DAY,2026-04-05,U_INT,S08_DAY,35,4,3,2.64,11.667
2026-04-05_U_INT_S08_EVE,2026-04-05,U_INT,S08_EVE,36,4,3,2.49,12.0
2026-04-05_U_INT_S08_NIGHT,2026-04-05,U_INT,S08_NIGHT,41,2,2,2.08,13.667
2026-04-06_U_ICU_S12_DAY,2026-04-06,U_ICU,S12_DAY,16,1,1,4.51,8.0
2026-04-06_U_ICU_S12_NIGHT,2026-04-06,U_ICU,S12_NIGHT,16,3,1,4.59,8.0
2026-04-06_U_INT_S08_DAY,2026-04-06,U_INT,S08_DAY,37,2,3,1.88,12.333
2026-04-06_U_INT_S08_EVE,2026-04-06,U_INT,S08_EVE,42,3,3,2.41,14.0
2026-04-06_U_INT_S08_NIGHT,2026-04-06,U_INT,S08_NIGHT,41,3,10,2.64,13.667
2026-04-07_U_ICU_S12_DAY,2026-04-07,U_ICU,S12_DAY,14,0,1,4.41,7.0
2026-04-07_U_ICU_S12_NIGHT,2026-04-07,U_ICU,S12_NIGHT,14,1,1,4.13,7.0
2026-04-07_U_INT_S08_DAY,2026-04-07,U_INT,S08_DAY,37,3,6,2.0,12.333
2026-04-07_U_INT_S08_EVE,2026-04-07,U_INT,S08_EVE,40,7,3,2.22,13.333
2026-04-07_U_INT_S08_NIGHT,2026-04-07,U_INT,S08_NIGHT,48,5,6,1.83,16.0
2026-04-08_U_ICU_S12_DAY,2026-04-08,U_ICU,S12_DAY,16,2,1,4.06,8.0
2026-04-08_U_ICU_S12_NIGHT,2026-04-08,U_ICU,S12_NIGHT,13,0,0,4.32,6.5
2026-04-08_U_INT_S08_DAY,2026-04-08,U_INT,S08_DAY,38,7,2,2.11,12.667
2026-04-08_U_INT_S08_EVE,2026-04-08,U_INT,S08_EVE,35,4,1,2.63,11.667
2026-04-08_U_INT_S08_NIGHT,2026-04-08,U_INT,S08_NIGHT,43,3,7,2.26,14.333
2026-04-09_U_ICU_S12_DAY,2026-04-09,U_ICU,S12_DAY,15,0,1,3.97,7.5
2026-04-09_U_ICU_S12_NIGHT,2026-04-09,U_ICU,S12_NIGHT,12,2,0,4.36,6.0
2026-04-09_U_INT_S08_DAY,2026-04-09,U_INT,S08_DAY,43,3,6,2.36,14.333
2026-04-09_U_INT_S08_EVE,2026-04-09,U_INT,S08_EVE,43,3,3,1.82,14.333
2026-04-09_U_INT_S08_NIGHT,2026-04-09,U_INT,S08_NIGHT,35,6,3,1.87,11.667
2026-04-10_U_ICU_S12_DAY,2026-04-10,U_ICU,S12_DAY,13,4,2,3.92,6.5
2026-04-10_U_ICU_S12_NIGHT,2026-04-10,U_ICU,S12_NIGHT,10,2,2,4.16,5.0
2026-04-10_U_INT_S08_DAY,2026-04-10,U_INT,S08_DAY,38,4,4,1.89,12.667
2026-04-10_U_INT_S08_EVE,2026-04-10,U_INT,S08_EVE,35,8,6,2.06,11.667
2026-04-10_U_INT_S08_NIGHT,2026-04-10,U_INT,S08_NIGHT,33,4,5,2.45,11.0
2026-04-11_U_ICU_S12_DAY,2026-04-11,U_ICU,S12_DAY,11,2,0,3.57,5.5
2026-04-11_U_ICU_S12_NIGHT,2026-04-11,U_ICU,S12_NIGHT,14,2,1,3.57,7.0
2026-04-11_U_INT_S08_DAY,2026-04-11,U_INT,S08_DAY,41,4,2,1.99,13.667
2026-04-11_U_INT_S08_EVE,2026-04-11,U_INT,S08_EVE,39,4,3,1.84,13.0
2026-04-11_U_INT_S08_NIGHT,2026-04-11,U_INT,S08_NIGHT,41,5,3,2.12,13.667
2026-04-12_U_ICU_S12_DAY,2026-04-12,U_ICU,S12_DAY,15,2,5,4.57,7.5
2026-04-12_U_ICU_S12_NIGHT,2026-04-12,U_ICU,S12_NIGHT,14,3,1,3.52,7.0
2026-04-12_U_INT_S08_DAY,2026-04-12,U_INT,S08_DAY,37,3,2,2.15,12.333
2026-04-12_U_INT_S08_EVE,2026-04-12,U_INT,S08_EVE,45,3,5,2.51,15.0
2026-04-12_U_INT_S08_NIGHT,2026-04-12,U_INT,S08_NIGHT,48,2,6,2.65,16.0
2026-04-13_U_ICU_S12_DAY,2026-04-13,U_ICU,S12_DAY,15,1,1,3.77,7.5
2026-04-13_U_ICU_S12_NIGHT,2026-04-13,U_ICU,S12_NIGHT,11,1,1,4.71,5.5
2026-04-13_U_INT_S08_DAY,2026-04-13,U_INT,S08_DAY,39,1,6,1.99,13.0
2026-04-13_U_INT_S08_EVE,2026-04-13,U_INT,S08_EVE,38,3,1,2.6,12.667
2026-04-13_U_INT_S08_NIGHT,2026-04-13,U_INT,S08_NIGHT,37,4,3,1.8,12.333
2026-04-14_U_ICU_S12_DAY,2026-04-14,U_ICU,S12_DAY,13,2,1,4.46,6.5
2026-04-14_U_ICU_S12_NIGHT,2026-04-14,U_ICU,S12_NIGHT,9,2,2,4.5,4.5
2026-04-14_U_INT_S08_DAY,2026-04-14,U_INT,S08_DAY,42,6,2,2.13,14.0
2026-04-14_U_INT_S08_EVE,2026-04-14,U_INT,S08_EVE,39,4,4,2.55,13.0
2026-04-14_U_INT_S08_NIGHT,2026-04-14,U_INT,S08_NIGHT,39,1,4,1.98,13.0
2026-04-15_U_ICU_S12_DAY,2026-04-15,U_ICU,S12_DAY,16,2,0,4.67,8.0
2026-04-15_U_ICU_S12_NIGHT,2026-04-15,U_ICU,S12_NIGHT,12,2,4,3.8,6.0
2026-04-15_U_INT_S08_DAY,2026-04-15,U_INT,S08_DAY,34,2,7,2.06,11.333
2026-04-15_U_INT_S08_EVE,2026-04-15,U_INT,S08_EVE,48,5,3,2.41,16.0
2026-04-15_U_INT_S08_NIGHT,2026-04-15,U_INT,S08_NIGHT,43,5,5,2.64,14.333
2026-04-16_U_ICU_S12_DAY,2026-04-16,U_ICU,S12_DAY,15,1,0,4.28,7.5
2026-04-16_U_ICU_S12_NIGHT,2026-04-16,U_ICU,S12_NIGHT,11,2,2,4.47,5.5
2026-04-16_U_INT_S08_DAY,2026-04-16,U_INT,S08_DAY,42,2,4,2.02,14.0
2026-04-16_U_INT_S08_EVE,2026-04-16,U_INT,S08_EVE,43,6,3,2.08,14.333
2026-04-16_U_INT_S08_NIGHT,2026-04-16,U_INT,S08_NIGHT,35,2,4,2.12,11.667
2026-04-17_U_ICU_S12_DAY,2026-04-17,U_ICU,S12_DAY,16,0,2,4.53,8.0
2026-04-17_U_ICU_S12_NIGHT,2026-04-17,U_ICU,S12_NIGHT,17,4,2,4.67,8.5
2026-04-17_U_INT_S08_DAY,2026-04-17,U_INT,S08_DAY,41,1,4,2.58,13.667
2026-04-17_U_INT_S08_EVE,2026-04-17,U_INT,S08_EVE,34,1,3,1.9,11.333
2026-04-17_U_INT_S08_NIGHT,2026-04-17,U_INT,S08_NIGHT,39,0,2,2.42,13.0
2026-04-18_U_ICU_S12_DAY,2026-04-18,U_ICU,S12_DAY,10,0,2,4.56,5.0
2026-04-18_U_ICU_S12_NIGHT,2026-04-18,U_ICU,S12_NIGHT,14,2,2,4.55,7.0
2026-04-18_U_INT_S08_DAY,2026-04-18,U_INT,S08_DAY,41,0,4,2.28,13.667
2026-04-18_U_INT_S08_EVE,2026-04-18,U_INT,S08_EVE,44,2,5,2.27,14.667
2026-04-18_U_INT_S08_NIGHT,2026-04-18,U_INT,S08_NIGHT,29,2,7,2.07,9.667
2026-04-19_U_ICU_S12_DAY,2026-04-19,U_ICU,S12_DAY,14,2,0,3.59,7.0
2026-04-19_U_ICU_S12_NIGHT,2026-04-19,U_ICU,S12_NIGHT,11,3,1,3.84,5.5
2026-04-19_U_INT_S08_DAY,2026-04-19,U_INT,S08_DAY,36,2,2,2.06,12.0
2026-04-19_U_INT_S08_EVE,2026-04-19,U_INT,S08_EVE,40,2,5,2.11,13.333
2026-04-19_U_INT_S08_NIGHT,2026-04-19,U_INT,S08_NIGHT,34,5,4,2.31,11.333
2026-04-20_U_ICU_S12_DAY,2026-04-20,U_ICU,S12_DAY,15,3,3,4.5,7.5
2026-04-20_U_ICU_S12_NIGHT,2026-04-20,U_ICU,S12_NIGHT,14,1,0,4.46,7.0
2026-04-20_U_INT_S08_DAY,2026-04-20,U_INT,S08_DAY,48,2,4,2.42,16.0
2026-04-20_U_INT_S08_EVE,2026-04-20,U_INT,S08_EVE,41,9,4,2.59,13.667
2026-04-20_U_INT_S08_NIGHT,2026-04-20,U_INT,S08_NIGHT,35,6,7,1.82,11.667
2026-04-21_U_ICU_S12_DAY,2026-04-21,U_ICU,S12_DAY,13,0,0,3.86,6.5
2026-04-21_U_ICU_S12_NIGHT,2026-04-21,U_ICU,S12_NIGHT,17,0,1,4.78,8.5
2026-04-21_U_INT_S08_DAY,2026-04-21,U_INT,S08_DAY,40,5,4,2.19,13.333
2026-04-21_U_INT_S08_EVE,2026-04-21,U_INT,S08_EVE,37,4,4,2.54,12.333
2026-04-21_U_INT_S08_NIGHT,2026-04-21,U_INT,S08_NIGHT,48,5,4,1.86,16.0
2026-04-22_U_ICU_S12_DAY,2026-04-22,U_ICU,S12_DAY,17,1,0,4.77,8.5
2026-04-22_U_ICU_S12_NIGHT,2026-04-22,U_ICU,S12_NIGHT,14,0,1,4.37,7.0
2026-04-22_U_INT_S08_DAY,2026-04-22,U_INT,S08_DAY,39,6,5,2.65,13.0
2026-04-22_U_INT_S08_EVE,2026-04-22,U_INT,S08_EVE,37,6,7,2.36,12.333
2026-04-22_U_INT_S08_NIGHT,2026-04-22,U_INT,S08_NIGHT,43,3,3,2.39,14.333
2026-04-23_U_ICU_S12_DAY,2026-04-23,U_ICU,S12_DAY,15,2,1,4.49,7.5
2026-04-23_U_ICU_S12_NIGHT,2026-04-23,U_ICU,S12_NIGHT,12,1,1,3.47,6.0
2026-04-23_U_INT_S08_DAY,2026-04-23,U_INT,S08_DAY,42,7,3,2.02,14.0
2026-04-23_U_INT_S08_EVE,2026-04-23,U_INT,S08_EVE,36,4,5,2.03,12.0
2026-04-23_U_INT_S08_NIGHT,2026-04-23,U_INT,S08_NIGHT,42,4,4,2.0,14.0
2026-04-24_U_ICU_S12_DAY,2026-04-24,U_ICU,S12_DAY,15,1,1,4.26,7.5
2026-04-24_U_ICU_S12_NIGHT,2026-04-24,U_ICU,S12_NIGHT,12,1,4,4.58,6.0
2026-04-24_U_INT_S08_DAY,2026-04-24,U_INT,S08_DAY,44,5,3,1.85,14.667
2026-04-24_U_INT_S08_EVE,2026-04-24,U_INT,S08_EVE,44,3,6,2.1,14.667
2026-04-24_U_INT_S08_NIGHT,2026-04-24,U_INT,S08_NIGHT,38,6,2,2.31,12.667
2026-04-25_U_ICU_S12_DAY,2026-04-25,U_ICU,S12_DAY,12,0,1,3.45,6.0
2026-04-25_U_ICU_S12_NIGHT,2026-04-25,U_ICU,S12_NIGHT,13,1,1,4.01,6.5
2026-04-25_U_INT_S08_DAY,2026-04-25,U_INT,S08_DAY,33,4,1,2.69,11.0
2026-04-25_U_INT_S08_EVE,2026-04-25,U_INT,S08_EVE,36,4,2,2.2,12.0
2026-04-25_U_INT_S08_NIGHT,2026-04-25,U_INT,S08_NIGHT,30,3,2,2.2,10.0
2026-04-26_U_ICU_S12_DAY,2026-04-26,U_ICU,S12_DAY,12,4,1,4.58,6.0
2026-04-26_U_ICU_S12_NIGHT,2026-04-26,U_ICU,S12_NIGHT,11,4,1,3.71,5.5
2026-04-26_U_INT_S08_DAY,2026-04-26,U_INT,S08_DAY,39,5,7,1.89,13.0
2026-04-26_U_INT_S08_EVE,2026-04-26,U_INT,S08_EVE,37,7,4,2.32,12.333
2026-04-26_U_INT_S08_NIGHT,2026-04-26,U_INT,S08_NIGHT,43,2,9,2.62,14.333
2026-04-27_U_ICU_S12_DAY,2026-04-27,U_ICU,S12_DAY,17,0,2,4.56,8.5
2026-04-27_U_ICU_S12_NIGHT,2026-04-27,U_ICU,S12_NIGHT,17,2,1,3.69,8.5
2026-04-27_U_INT_S08_DAY,2026-04-27,U_INT,S08_DAY,34,7,7,2.45,11.333
2026-04-27_U_INT_S08_EVE,2026-04-27,U_INT,S08_EVE,41,5,5,1.9,13.667
2026-04-27_U_INT_S08_NIGHT,2026-04-27,U_INT,S08_NIGHT,40,8,3,2.09,13.333
2026-04-28_U_ICU_S12_DAY,2026-04-28,U_ICU,S12_DAY,14,0,2,4.41,7.0
2026-04-28_U_ICU_S12_NIGHT,2026-04-28,U_ICU,S12_NIGHT,16,2,0,4.7,8.0
2026-04-28_U_INT_S08_DAY,2026-04-28,U_INT,S08_DAY,41,5,4,2.34,13.667
2026-04-28_U_INT_S08_EVE,2026-04-28,U_INT,S08_EVE,40,6,5,2.41,13.333
2026-04-28_U_INT_S08_NIGHT,2026-04-28,U_INT,S08_NIGHT,48,1,3,2.46,16.0
2026-04-29_U_ICU_S12_DAY,2026-04-29,U_ICU,S12_DAY,11,4,0,3.89,5.5
2026-04-29_U_ICU_S12_NIGHT,2026-04-29,U_ICU,S12_NIGHT,15,0,2,3.49,7.5
2026-04-29_U_INT_S08_DAY,2026-04-29,U_INT,S08_DAY,33,1,3,2.25,11.0
2026-04-29_U_INT_S08_EVE,2026-04-29,U_INT,S08_EVE,44,3,5,2.02,14.667
2026-04-29_U_INT_S08_NIGHT,2026-04-29,U_INT,S08_NIGHT,36,1,4,1.83,12.0
2026-04-30_U_ICU_S12_DAY,2026-04-30,U_ICU,S12_DAY,17,2,1,4.53,8.5
2026-04-30_U_ICU_S12_NIGHT,2026-04-30,U_ICU,S12_NIGHT,12,2,3,3.41,6.0
2026-04-30_U_INT_S08_DAY,2026-04-30,U_INT,S08_DAY,37,1,7,2.58,12.333
2026-04-30_U_INT_S08_EVE,2026-04-30,U_INT,S08_EVE,38,6,1,1.91,12.667
2026-04-30_U_INT_S08_NIGHT,2026-04-30,U_INT,S08_NIGHT,32,1,5,2.42,10.667
